1,Long Sleeve,Levi's,T-Shirt,Women,S,100
2,Sweater,Ralph Lauren,Sweater,Men,XL | XXL,200
3,Cardigan,Nike,Shirt,Unisex,XL | XXL,300
4,Shirt,The North Face,Jacket,Women,S,130
5,T-Shirt,Levi's,Shirt,Men,XL | XXL,230
6,Long Sleeve,Ralph Lauren,Jacket,Unisex,XL,249
7,Sweater,The North Face,Shirt,Women,XXL,268
8,Cardigan,Nike,Pants,Men,XL,287
9,Shirt,Gucii,Sweater,Unisex,S | XXL,306
10,Pants,Ralph Lauren,Pants,Women,S,325
11,Cardigan,Nike,Jacket,Men,XXL | S | M | XS,344
12,Black Coat,Levi's,Coat,Unisex,XXXL | M,363
13,Blue Solid TShirt,ZIP,T-Shirt,Unisex,XL | XXL | XXXL ,600
